product_name,arrival_date,initial_price,storage_temperature,humidity,weight_kg,quality_score,days_in_storage,is_organic,current_price,shelf_life_days
Cabbage,2025-03-08,168.0,2.4,58.4,1.43,1,5,0,366.33,22
Tomato,2025-03-09,324.06,2.3,76.8,1.27,6,11,0,386.56,24
Spinach,2025-03-10,279.86,8.0,47.0,1.74,7,12,0,171.07,8
Potato,2025-03-11,116.93,7.3,48.6,0.52,9,9,0,383.11,5
Cabbage,2025-03-12,388.03,8.4,40.5,1.76,8,12,0,189.46,20
Grapes,2025-03-13,345.31,2.8,40.6,1.6,6,0,0,266.38,12
Carrot,2025-03-14,90.64,2.3,73.2,1.52,3,7,0,99.77,21
Cabbage,2025-03-15,299.25,6.1,69.3,1.17,8,9,0,97.57,12
Spinach,2025-03-16,339.05,5.1,54.2,0.57,7,2,1,322.16,11
Potato,2025-03-17,207.31,5.7,67.9,0.9,3,7,0,230.57,29
Tomato,2025-03-18,105.88,9.9,55.8,1.61,9,11,0,168.09,12
Spinach,2025-03-19,108.67,9.8,78.1,0.16,2,3,1,146.22,25
Spinach,2025-03-20,117.61,9.5,78.7,1.59,3,7,0,305.42,28
Carrot,2025-03-21,362.03,8.3,55.7,0.56,2,10,1,83.13,16
Onion,2025-03-22,385.35,4.8,74.2,0.37,1,0,1,350.56,20
Potato,2025-03-23,123.77,5.3,70.9,0.32,4,2,0,109.31,16
Banana,2025-03-24,161.32,6.4,52.4,0.15,5,5,1,146.57,23
Spinach,2025-03-25,137.95,8.6,49.3,1.09,6,8,0,211.23,14
Onion,2025-03-26,144.86,2.5,58.3,0.51,5,1,0,243.97,11
Banana,2025-03-27,361.05,5.4,71.3,1.98,1,10,0,200.86,16
Potato,2025-03-28,193.27,2.7,78.4,1.19,3,0,0,189.48,24
Apple,2025-03-29,186.4,6.1,70.5,0.36,1,9,1,403.02,9
Grapes,2025-03-30,158.5,9.2,74.2,1.41,5,2,0,296.0,20
Onion,2025-03-31,284.82,8.3,64.1,1.81,5,3,0,90.78,13
Mango,2025-04-01,208.93,3.8,73.4,1.52,6,10,0,225.82,11
Apple,2025-04-02,330.09,9.8,71.4,0.25,8,4,0,373.5,24
Grapes,2025-04-03,151.25,7.3,55.1,1.8,1,2,0,183.08,26
Carrot,2025-04-04,344.55,2.1,62.1,1.61,4,12,0,114.39,18
Cabbage,2025-04-05,283.44,4.0,72.2,0.4,1,9,1,334.78,15
Tomato,2025-04-06,120.94,4.1,41.8,0.2,9,10,0,284.2,11
Mango,2025-04-07,220.62,2.6,72.3,1.16,7,1,1,272.34,14
Carrot,2025-04-08,369.69,9.7,47.1,0.4,7,1,0,100.79,13
Potato,2025-04-09,389.42,5.8,60.6,1.69,5,6,1,129.65,8
Carrot,2025-04-10,237.61,9.2,72.3,0.78,7,8,1,289.69,20
Cabbage,2025-04-11,242.64,4.6,50.2,1.83,2,9,0,152.0,14
Potato,2025-04-12,387.93,3.0,49.8,1.17,4,1,0,250.35,23
Mango,2025-04-13,277.91,5.8,56.1,0.45,7,6,1,263.9,28
Cabbage,2025-04-14,93.91,2.9,75.8,0.37,3,6,0,177.12,21
Banana,2025-04-15,386.03,5.9,40.0,1.2,2,10,1,397.88,13
Tomato,2025-04-16,165.41,9.4,76.1,1.55,2,6,0,362.7,17
Mango,2025-04-17,274.77,6.2,46.2,1.58,1,2,0,322.83,5
Banana,2025-04-18,137.95,6.9,79.6,0.62,5,11,0,108.89,6
Grapes,2025-04-19,94.25,3.3,78.2,0.49,6,6,1,118.24,17
Mango,2025-04-20,186.41,2.3,59.8,0.13,6,0,0,246.6,28
Grapes,2025-04-21,342.12,2.9,60.5,1.39,9,9,1,136.36,13
Potato,2025-04-22,175.16,6.8,59.3,0.25,4,0,1,407.78,11
Banana,2025-04-23,156.07,2.8,65.4,0.9,1,4,0,135.63,20
Tomato,2025-04-24,153.61,5.0,43.6,1.24,6,1,0,244.84,23
Cabbage,2025-04-25,254.04,6.4,41.3,1.88,5,8,1,203.89,11
Spinach,2025-04-26,406.88,5.1,42.3,0.69,6,6,0,295.28,10
Carrot,2025-04-27,235.38,3.3,57.8,0.57,3,3,1,125.84,22
Apple,2025-04-28,268.03,4.2,51.0,1.34,2,3,0,225.87,23
Tomato,2025-04-29,368.73,9.4,64.9,1.28,6,1,0,174.2,15
Banana,2025-04-30,260.64,7.4,79.7,0.73,1,4,1,377.73,16
Spinach,2025-05-01,144.24,6.0,55.5,1.86,7,3,0,96.47,14
Tomato,2025-05-02,182.47,2.1,63.0,1.71,7,11,0,386.36,17
Banana,2025-05-03,185.9,9.9,56.6,0.53,7,12,0,359.55,16
Onion,2025-05-04,214.91,7.4,73.9,0.55,1,0,0,181.79,25
Onion,2025-05-05,224.69,4.5,76.1,1.07,4,11,0,345.04,14
Grapes,2025-05-06,348.53,9.0,75.1,1.57,7,7,1,93.36,24
Tomato,2025-05-07,199.0,4.1,79.0,0.18,9,2,0,404.0,22
Onion,2025-05-08,238.45,6.4,41.1,1.42,5,13,0,257.83,8
Banana,2025-05-09,290.49,7.1,73.6,1.33,2,5,0,183.69,28
Grapes,2025-05-10,208.41,3.8,70.1,0.54,7,3,0,203.38,9
Banana,2025-05-11,360.74,9.8,49.1,1.39,1,8,0,105.05,9
Grapes,2025-05-12,278.03,8.0,78.3,1.89,7,6,1,411.46,16
Tomato,2025-05-13,180.62,6.5,45.9,0.19,6,8,1,96.04,7
Spinach,2025-05-14,320.07,3.4,67.2,0.71,7,9,0,300.43,12
Cabbage,2025-05-15,258.18,2.4,49.0,0.93,3,2,0,229.99,26
Mango,2025-05-16,260.44,4.6,57.3,1.81,3,0,0,398.04,6
Spinach,2025-05-17,242.72,8.0,68.8,1.93,7,4,0,164.67,22
Potato,2025-05-18,248.01,4.2,62.5,0.94,2,2,0,259.65,13
Banana,2025-05-19,337.1,6.3,57.1,1.53,1,5,0,243.14,17
Potato,2025-05-20,117.19,7.8,53.1,1.11,9,7,0,316.35,11
Spinach,2025-05-21,194.01,2.9,73.6,1.12,9,10,0,105.58,14
Grapes,2025-05-22,108.07,7.5,45.8,0.63,7,12,0,147.34,13
Mango,2025-05-23,333.08,2.7,57.2,0.51,7,3,1,154.24,26
Mango,2025-05-24,173.4,9.7,76.2,0.65,3,4,0,328.07,19
Apple,2025-05-25,380.95,5.9,73.8,1.16,2,4,0,145.79,9
Mango,2025-05-26,257.82,3.2,56.0,0.16,7,3,0,273.4,16
Cabbage,2025-05-27,348.85,4.7,70.5,1.82,9,3,0,154.46,5
Mango,2025-05-28,408.01,5.3,72.9,0.4,1,3,1,369.06,16
Spinach,2025-05-29,361.81,8.1,75.6,0.52,4,3,0,395.81,26
Apple,2025-05-30,370.84,7.9,61.8,1.08,6,3,0,255.14,10
Spinach,2025-05-31,218.45,6.9,48.2,1.45,7,4,0,199.97,23
Spinach,2025-06-01,266.17,2.8,50.2,0.28,7,1,1,160.71,23
Carrot,2025-06-02,167.29,3.2,51.8,0.7,2,1,0,99.53,20
Apple,2025-06-03,148.11,2.8,63.8,1.94,4,8,0,172.14,23
Spinach,2025-06-04,250.83,6.6,41.3,0.6,5,1,0,300.21,7
Carrot,2025-06-05,280.56,9.0,65.4,0.69,1,5,0,260.16,27
Carrot,2025-06-06,195.64,5.5,54.6,1.69,1,1,0,396.42,14
Apple,2025-06-07,272.06,3.3,51.8,0.2,3,4,0,214.56,22
Potato,2025-06-08,377.64,6.5,75.2,0.98,3,3,0,313.36,17
Grapes,2025-06-09,267.83,8.5,58.4,0.82,8,11,1,245.46,22
Cabbage,2025-06-10,322.31,7.9,43.8,0.7,9,6,0,253.18,7
Grapes,2025-06-11,350.36,9.1,73.1,0.64,1,6,0,171.9,27
Mango,2025-06-12,411.26,4.2,41.9,0.27,2,12,0,234.04,7
Cabbage,2025-06-13,283.26,3.6,69.1,0.7,2,5,1,239.3,27
Mango,2025-06-14,350.87,9.0,71.0,0.18,4,9,0,317.61,29
Spinach,2025-06-15,402.6,7.3,54.1,1.58,2,4,1,395.29,16
Banana,2025-06-16,396.54,4.5,73.0,0.86,7,0,0,192.33,24
Apple,2025-06-17,129.84,7.9,60.6,0.94,9,11,0,97.01,11
Cabbage,2025-06-18,217.92,8.5,58.5,1.8,7,2,0,247.77,29
Cabbage,2025-06-19,190.56,6.9,41.8,1.35,6,8,0,263.76,28
Spinach,2025-06-20,111.86,7.5,51.6,0.12,1,13,1,138.92,12
Potato,2025-06-21,293.24,5.0,77.2,1.89,9,0,1,335.47,13
Carrot,2025-06-22,327.32,6.3,55.7,0.55,5,4,0,410.0,18
Spinach,2025-06-23,364.58,6.2,61.9,0.3,5,1,0,397.0,9
Onion,2025-06-24,123.76,8.8,61.3,1.56,6,3,1,148.44,25
Carrot,2025-06-25,373.98,8.7,63.6,1.05,9,13,0,373.62,23
Apple,2025-06-26,296.45,8.7,42.5,0.92,8,13,0,316.89,25
Carrot,2025-06-27,316.71,2.1,54.5,0.57,8,10,0,233.68,20
Potato,2025-06-28,385.33,8.0,68.9,1.14,8,0,0,262.48,28
Carrot,2025-06-29,290.42,8.1,48.0,0.62,1,2,0,365.07,16
Apple,2025-06-30,194.51,7.4,48.1,1.81,1,9,0,242.4,25
Potato,2025-07-01,356.94,8.1,40.4,0.51,8,6,0,206.9,8
Grapes,2025-07-02,203.54,8.7,57.5,1.78,5,9,0,246.76,12
Cabbage,2025-07-03,94.36,5.8,75.3,1.16,9,2,0,275.27,11
Cabbage,2025-07-04,358.78,6.0,42.1,1.67,2,3,0,145.77,19
Mango,2025-07-05,197.6,3.0,47.6,1.45,9,1,1,382.1,10
Grapes,2025-07-06,339.91,5.1,52.4,1.42,8,2,0,306.83,9
Grapes,2025-07-07,203.44,7.1,69.3,0.72,9,8,0,293.25,18
Carrot,2025-07-08,368.87,8.2,65.6,0.54,4,2,1,116.03,25
Cabbage,2025-07-09,155.88,3.7,56.6,0.5,1,10,1,283.59,17
Apple,2025-07-10,406.55,3.1,70.4,1.73,1,4,0,123.16,14
Tomato,2025-07-11,341.88,7.3,64.4,1.66,5,1,0,109.13,22
Tomato,2025-07-12,120.93,2.0,75.8,0.94,2,3,1,258.07,8
Potato,2025-07-13,270.84,3.4,72.7,0.35,8,11,1,216.72,12
Cabbage,2025-07-14,410.14,2.2,50.1,0.83,5,12,1,278.49,28
Cabbage,2025-07-15,239.39,3.3,50.9,1.28,5,6,1,112.62,15
Tomato,2025-07-16,143.46,3.5,45.0,0.96,2,13,0,226.09,21
Cabbage,2025-07-17,243.95,5.1,53.5,1.58,7,6,0,141.03,22
Carrot,2025-07-18,253.14,5.2,80.0,2.0,8,11,0,410.72,25
Onion,2025-07-19,329.24,9.0,56.2,0.46,1,2,0,269.3,29
Banana,2025-07-20,315.02,6.1,48.8,0.97,2,4,0,311.23,15
Grapes,2025-07-21,216.65,7.8,70.5,0.92,4,0,0,191.04,20
Mango,2025-07-22,155.38,2.8,61.7,0.68,5,9,0,114.45,16
Potato,2025-07-23,297.16,3.8,46.0,0.48,2,9,1,406.99,17
Onion,2025-07-24,223.01,7.6,55.2,0.22,1,9,0,178.04,20
Tomato,2025-07-25,126.92,2.4,56.6,1.79,9,10,0,223.7,27
Grapes,2025-07-26,381.99,5.9,70.2,0.9,1,0,0,298.75,25
Cabbage,2025-07-27,312.49,6.8,40.8,1.04,4,4,0,91.2,5
Mango,2025-07-28,309.82,6.8,50.8,1.84,2,12,1,352.01,20
Cabbage,2025-07-29,356.1,2.2,60.7,1.57,4,9,0,261.14,19
Apple,2025-07-30,258.85,4.6,50.8,0.35,8,8,1,175.37,10
Apple,2025-07-31,353.6,7.1,65.1,1.17,8,0,0,103.45,16
Mango,2025-08-01,248.37,3.2,59.3,0.94,9,0,0,136.95,12
Mango,2025-08-02,105.3,7.6,54.5,1.61,5,3,0,380.15,11
Tomato,2025-08-03,217.54,8.0,78.0,1.48,7,3,0,310.76,6
Mango,2025-08-04,248.16,9.9,65.3,1.41,3,1,1,165.97,16
Carrot,2025-08-05,322.11,3.7,45.2,0.75,4,8,0,104.78,25
Cabbage,2025-08-06,118.38,8.6,62.4,1.63,9,13,1,312.28,18
Onion,2025-08-07,129.49,6.2,71.2,0.2,1,8,0,273.04,20
Spinach,2025-08-08,170.54,5.0,68.3,0.4,2,12,1,217.3,15
Mango,2025-08-09,171.48,3.0,46.9,0.74,5,12,0,203.72,24
Potato,2025-08-10,326.09,7.9,78.9,0.25,3,1,1,154.98,13
Apple,2025-08-11,166.24,3.9,58.0,0.55,2,13,0,305.31,14
Carrot,2025-08-12,293.19,5.0,46.4,1.68,1,8,0,405.26,21
Grapes,2025-08-13,247.1,2.5,47.2,1.9,3,5,0,141.34,16
Spinach,2025-08-14,273.33,8.4,43.9,0.68,1,7,1,281.24,10
Onion,2025-08-15,361.25,8.1,72.1,0.6,1,9,0,223.83,23
Spinach,2025-08-16,217.25,7.9,44.9,0.63,1,12,0,231.3,15
Mango,2025-08-17,338.94,4.4,45.0,0.63,8,12,1,167.38,13
Tomato,2025-08-18,223.12,3.4,74.0,0.17,3,3,0,356.94,25
Apple,2025-08-19,200.49,7.1,53.8,1.86,1,1,0,244.1,10
Apple,2025-08-20,401.26,6.0,41.2,0.51,7,1,0,263.41,29
Grapes,2025-08-21,144.21,3.4,42.1,0.9,3,8,0,184.18,29
Tomato,2025-08-22,112.99,7.5,45.7,0.12,8,0,1,143.36,28
Cabbage,2025-08-23,338.97,9.9,48.5,1.73,4,11,1,111.52,29
Banana,2025-08-24,105.66,8.0,66.6,1.49,4,6,0,320.09,20
Carrot,2025-08-25,360.91,7.9,46.3,1.9,5,10,1,148.15,24
Apple,2025-08-26,228.15,9.6,44.8,1.59,6,13,0,312.11,20
Potato,2025-08-27,386.95,3.6,70.6,0.7,7,2,0,212.6,10
Apple,2025-08-28,322.55,6.5,66.8,0.57,4,2,0,221.04,9
Spinach,2025-08-29,285.65,9.8,57.4,1.43,8,1,0,238.77,25
Apple,2025-08-30,398.17,3.3,62.0,0.79,6,13,0,205.08,8
Apple,2025-08-31,214.69,7.6,52.5,1.18,1,9,1,116.41,6
Banana,2025-09-01,399.76,6.7,59.3,0.11,1,5,1,185.8,10
Banana,2025-09-02,127.82,6.7,60.3,0.22,9,12,0,303.36,13
Onion,2025-09-03,243.61,7.6,55.5,1.12,6,9,0,304.04,21
Cabbage,2025-09-04,172.61,9.4,76.3,1.18,8,1,1,178.03,18
Potato,2025-09-05,262.23,8.3,40.6,1.53,7,9,1,235.75,11
Apple,2025-09-06,136.79,2.4,71.3,0.35,6,3,1,147.22,26
Apple,2025-09-07,362.39,8.8,45.0,1.08,4,9,0,152.84,23
Carrot,2025-09-08,364.01,3.8,71.9,0.47,7,8,1,90.65,5
Banana,2025-09-09,400.14,5.0,64.6,0.28,9,8,0,380.72,24
Potato,2025-09-10,134.35,5.7,73.7,0.88,7,5,0,152.95,29
Grapes,2025-09-11,289.95,5.8,43.9,0.41,1,12,0,158.54,19
Onion,2025-09-12,240.45,5.5,62.4,0.52,9,3,0,175.83,22
Cabbage,2025-09-13,197.34,9.5,60.0,0.7,4,6,0,125.3,7
Tomato,2025-09-14,199.71,7.6,68.2,0.59,3,13,0,295.24,22
Cabbage,2025-09-15,220.05,7.0,61.4,0.27,4,0,0,107.95,6
Spinach,2025-09-16,317.04,2.4,61.6,0.27,4,11,1,127.56,14
Apple,2025-09-17,281.63,9.2,57.2,0.47,2,3,0,297.06,15
Onion,2025-09-18,235.61,9.3,52.4,0.2,1,4,0,195.77,28
Spinach,2025-09-19,108.21,8.2,59.3,1.29,1,7,0,318.04,7
Potato,2025-09-20,108.82,2.1,44.7,0.65,8,11,1,268.07,11
Tomato,2025-09-21,83.78,2.5,78.5,0.63,2,1,0,168.0,12
Banana,2025-09-22,404.28,3.8,68.6,0.73,5,11,0,299.07,23
Onion,2025-09-23,84.74,3.1,78.1,1.36,4,4,0,121.6,22
Onion,2025-09-24,117.23,5.2,49.1,1.75,8,5,1,261.09,17
Apple,2025-09-25,187.45,9.4,75.2,1.54,2,4,1,228.13,17
Mango,2025-09-26,351.07,5.8,72.4,1.48,9,12,0,171.93,28
Onion,2025-09-27,402.42,2.1,67.1,1.02,7,8,0,283.53,23
Carrot,2025-09-28,345.28,4.3,65.0,1.42,7,9,1,372.28,27
Tomato,2025-09-29,312.27,2.4,52.7,1.15,1,0,0,414.64,16
Tomato,2025-09-30,256.07,2.3,72.7,0.51,2,13,0,284.78,21
Carrot,2025-10-01,111.79,4.2,60.1,0.5,4,2,0,217.36,26
Grapes,2025-10-02,401.11,4.2,42.8,0.66,4,13,0,157.77,16
Carrot,2025-10-03,334.79,8.3,52.5,1.83,3,1,0,168.36,17
Carrot,2025-10-04,295.13,9.8,77.4,1.14,7,11,0,242.18,29
Tomato,2025-10-05,335.0,5.0,74.0,1.49,8,12,0,204.94,16
Cabbage,2025-10-06,323.4,5.4,79.3,0.76,2,2,1,386.39,23
Tomato,2025-10-07,294.56,8.8,65.1,0.87,4,9,0,205.27,18
Mango,2025-10-08,408.55,4.1,49.9,0.34,3,8,1,206.98,11
Apple,2025-10-09,382.92,3.3,46.5,0.43,2,12,0,210.33,17
Spinach,2025-10-10,297.69,8.8,47.5,1.67,6,13,0,360.76,10
Cabbage,2025-10-11,313.13,2.4,40.8,1.21,4,8,0,299.06,28
Banana,2025-10-12,100.13,7.0,55.6,0.74,6,9,1,286.9,23
Spinach,2025-10-13,305.41,6.5,47.7,1.63,2,1,1,193.94,23
Apple,2025-10-14,97.66,4.8,56.5,0.57,4,13,0,354.54,8
Mango,2025-10-15,278.3,4.5,77.4,1.95,6,2,1,95.74,23
Mango,2025-10-16,414.79,8.2,57.2,0.76,5,13,0,372.1,13
Banana,2025-10-17,267.53,2.7,75.1,0.74,3,3,1,253.23,20
Cabbage,2025-10-18,240.11,3.9,64.2,0.69,8,8,1,215.22,8
Grapes,2025-10-19,186.87,7.9,49.9,0.33,7,2,1,248.06,10
Carrot,2025-10-20,123.01,6.4,54.2,0.31,3,12,0,304.58,12
Cabbage,2025-10-21,325.7,3.0,43.4,1.33,6,6,0,87.24,28
Grapes,2025-10-22,146.94,9.1,53.3,1.76,4,11,0,372.36,20
Mango,2025-10-23,121.27,5.1,67.1,1.6,5,2,0,231.32,9
Tomato,2025-10-24,223.03,8.6,42.9,0.37,5,6,0,196.86,25
Apple,2025-10-25,347.05,8.3,48.2,1.14,7,6,0,128.9,26
Banana,2025-10-26,330.36,7.0,55.3,0.3,5,8,0,228.9,14
Apple,2025-10-27,101.22,6.0,79.3,0.19,3,1,0,247.78,27
Potato,2025-10-28,234.11,9.8,71.4,1.35,5,12,0,217.01,17
Potato,2025-10-29,256.45,3.2,69.3,1.12,7,5,0,308.32,18
Cabbage,2025-10-30,296.99,7.8,44.6,0.26,5,8,1,222.74,11
Mango,2025-10-31,298.86,3.5,71.2,0.17,5,11,0,402.19,24
Mango,2025-11-01,204.08,4.7,71.4,1.98,9,11,0,281.96,10
Carrot,2025-11-02,269.14,4.5,64.0,0.16,3,1,1,351.08,11
Carrot,2025-11-03,242.71,9.6,79.6,0.94,6,1,0,119.31,9
Carrot,2025-11-04,376.82,9.7,53.0,1.06,1,12,0,214.9,25
Tomato,2025-11-05,259.05,3.5,77.7,0.32,5,13,0,194.83,22
Spinach,2025-11-06,229.42,2.2,76.6,0.42,8,4,0,272.07,27
Onion,2025-11-07,217.29,7.8,40.5,0.77,5,9,1,368.89,16
Spinach,2025-11-08,273.05,5.3,58.0,1.55,9,9,0,109.01,10
Apple,2025-11-09,349.92,2.7,79.1,1.06,6,11,0,107.09,5
Spinach,2025-11-10,261.75,7.5,44.1,1.31,8,9,0,365.31,8
Tomato,2025-11-11,302.67,6.4,61.9,1.97,8,7,0,153.67,23
Apple,2025-11-12,327.97,9.8,79.2,1.56,3,10,1,305.03,16
Spinach,2025-11-13,255.7,3.8,62.2,0.93,7,8,0,263.24,19
Tomato,2025-11-14,224.7,5.2,47.6,0.95,7,1,0,359.52,7
Onion,2025-11-15,374.05,6.3,63.3,1.28,6,4,0,124.53,27
Spinach,2025-11-16,221.61,8.3,48.2,1.36,7,13,0,126.09,24
Tomato,2025-11-17,236.37,6.4,60.8,1.05,2,6,0,267.86,12
Carrot,2025-11-18,411.79,6.9,43.0,1.33,9,5,1,397.2,15
Mango,2025-11-19,83.08,3.8,64.2,0.14,1,5,1,220.78,20
Carrot,2025-11-20,144.58,8.8,60.7,0.92,1,6,1,191.54,13
Mango,2025-11-21,210.48,5.4,69.6,0.63,3,2,1,284.42,7
Banana,2025-11-22,392.62,3.1,65.2,0.35,3,12,0,391.91,9
Banana,2025-11-23,106.25,7.3,62.0,0.29,1,2,0,360.86,24
Banana,2025-11-24,86.15,3.7,67.6,1.25,7,9,1,413.5,18
Onion,2025-11-25,100.49,2.8,45.8,1.09,4,8,1,90.49,19
Carrot,2025-11-26,112.4,8.9,63.8,0.58,2,13,1,120.47,10
Mango,2025-11-27,95.48,5.7,46.9,0.99,5,7,0,285.34,8
Tomato,2025-11-28,242.29,8.0,77.0,1.04,6,4,0,355.43,12
Apple,2025-11-29,275.81,4.3,42.7,0.47,9,5,1,177.7,23
Tomato,2025-11-30,173.2,8.3,57.2,1.34,4,10,1,162.42,9
Apple,2025-12-01,215.23,2.9,67.8,1.58,2,11,1,344.28,17
Potato,2025-12-02,113.44,4.8,58.3,1.6,5,9,0,101.72,20
Tomato,2025-12-03,194.67,9.8,43.7,1.24,3,0,0,205.64,5
Spinach,2025-12-04,256.48,8.4,62.1,1.07,2,9,0,250.93,17
Spinach,2025-12-05,326.11,6.0,65.7,0.22,1,11,1,269.04,26
Cabbage,2025-12-06,84.11,4.7,68.2,0.65,2,0,0,324.9,15
Carrot,2025-12-07,238.15,9.0,54.9,0.28,6,3,0,200.81,25
Apple,2025-12-08,181.6,6.4,62.5,1.93,8,1,1,286.41,12
Apple,2025-12-09,366.14,8.1,58.0,0.36,3,10,0,277.34,29
Carrot,2025-12-10,320.56,8.0,66.9,0.39,9,6,1,264.81,12
Onion,2025-12-11,278.58,2.1,63.3,1.79,9,1,0,295.64,28
Cabbage,2025-12-12,175.05,3.0,61.0,1.89,2,9,1,169.14,18
Onion,2025-12-13,385.23,7.3,50.0,1.56,8,1,0,111.1,17
Onion,2025-12-14,97.97,3.3,40.1,0.11,5,4,1,122.6,7
Onion,2025-12-15,119.34,4.0,47.0,0.1,4,3,1,157.56,8
Carrot,2025-12-16,213.02,9.6,44.7,0.82,5,7,0,249.07,24
Onion,2025-12-17,124.31,6.5,58.0,0.37,4,3,0,362.03,19
Spinach,2025-12-18,400.53,8.0,64.5,0.13,8,13,0,315.83,19
Banana,2025-12-19,347.93,6.5,48.5,0.98,4,11,0,344.96,25
Potato,2025-12-20,168.98,6.4,77.6,1.89,6,5,1,199.52,17
Apple,2025-12-21,278.4,2.8,40.3,0.72,2,4,0,217.35,13
Apple,2025-12-22,409.13,4.7,70.9,1.36,5,10,0,213.7,29
Potato,2025-12-23,376.55,4.3,65.0,1.34,6,13,0,146.7,14
Carrot,2025-12-24,282.47,5.1,54.9,0.58,5,1,1,103.32,16
Tomato,2025-12-25,383.04,8.4,42.0,1.34,2,10,1,279.18,18
Carrot,2025-12-26,411.41,5.0,65.1,0.5,7,12,0,411.42,5
Apple,2025-12-27,329.79,5.6,55.4,0.33,4,11,0,138.39,18
Apple,2025-12-28,104.58,5.2,77.5,1.43,8,13,0,98.5,18
Potato,2025-12-29,216.32,2.7,61.7,0.32,7,7,0,341.8,12
Onion,2025-12-30,361.16,5.5,77.6,1.99,7,1,0,166.86,20
Carrot,2025-12-31,159.55,3.6,48.8,0.45,9,8,0,358.44,18
Mango,2026-01-01,358.77,3.5,69.0,1.23,1,8,0,316.71,5
Potato,2026-01-02,122.95,2.8,64.7,0.88,6,2,0,396.96,20
Spinach,2026-01-03,98.59,4.9,69.6,0.34,6,3,0,218.76,22
Apple,2026-01-04,210.52,8.1,48.6,0.15,6,7,0,302.77,11
Potato,2026-01-05,95.2,4.2,66.6,1.28,6,8,0,237.33,19
Carrot,2026-01-06,400.81,4.5,59.9,1.63,7,2,1,292.36,28
Apple,2026-01-07,357.3,7.1,69.7,1.7,6,4,1,232.27,21
Tomato,2026-01-08,348.86,3.6,53.1,1.02,1,10,0,145.63,23
Potato,2026-01-09,292.09,9.2,75.6,1.58,3,7,0,251.62,27
Cabbage,2026-01-10,154.82,6.2,43.4,1.38,2,2,1,258.49,17
Apple,2026-01-11,255.06,5.6,72.3,1.48,6,6,1,352.12,13
Carrot,2026-01-12,281.29,6.5,74.5,1.04,8,10,0,327.19,28
Banana,2026-01-13,257.31,3.3,72.7,1.3,3,7,0,303.38,28
Mango,2026-01-14,169.4,6.9,60.5,1.63,8,9,0,120.64,19
Grapes,2026-01-15,254.06,4.9,57.5,0.86,8,10,0,322.24,29
Onion,2026-01-16,246.07,9.2,79.9,1.63,5,13,0,249.1,7
Grapes,2026-01-17,413.78,3.4,49.2,1.22,8,2,0,379.84,28
Carrot,2026-01-18,380.95,6.1,61.9,0.42,6,1,0,388.4,5
Spinach,2026-01-19,236.84,6.8,66.8,0.15,5,9,0,101.31,20
Spinach,2026-01-20,289.82,2.3,68.0,0.79,9,12,0,355.45,12
Banana,2026-01-21,331.29,4.9,48.2,1.14,7,6,0,95.52,27
Onion,2026-01-22,94.58,7.9,66.2,1.7,8,11,0,204.9,17
Cabbage,2026-01-23,380.11,8.6,72.7,0.34,1,8,0,263.04,12
Banana,2026-01-24,368.56,4.5,42.0,1.62,2,0,0,132.17,21
Grapes,2026-01-25,234.87,8.4,76.5,1.74,8,2,1,330.78,26
Banana,2026-01-26,212.87,9.7,41.2,0.39,9,4,0,85.77,27
Grapes,2026-01-27,173.62,8.9,54.2,1.72,4,2,1,138.97,18
Apple,2026-01-28,241.26,2.9,40.6,1.98,9,0,1,275.82,25
Spinach,2026-01-29,97.73,7.9,43.1,1.48,4,6,0,320.18,25
Apple,2026-01-30,365.93,4.6,76.4,1.59,9,6,0,387.33,11
Mango,2026-01-31,94.76,9.9,54.2,1.99,7,9,0,317.22,19
Onion,2026-02-01,192.25,5.9,57.0,1.25,2,11,1,306.03,20
Cabbage,2026-02-02,392.29,3.0,48.6,0.68,9,7,1,213.92,23
Grapes,2026-02-03,327.09,7.8,63.9,1.69,4,4,1,83.43,10
Cabbage,2026-02-04,176.42,4.6,63.8,1.27,8,9,0,122.89,27
Grapes,2026-02-05,166.88,10.0,54.9,1.2,7,11,0,260.47,5
Carrot,2026-02-06,84.69,9.8,53.3,0.58,7,4,0,307.14,16
Banana,2026-02-07,313.98,7.2,75.4,1.54,8,4,0,221.59,22
Mango,2026-02-08,99.2,3.0,55.3,0.26,1,0,0,325.59,20
Spinach,2026-02-09,259.82,7.5,59.7,1.86,5,9,0,256.26,16
Grapes,2026-02-10,402.42,2.7,51.3,0.72,2,4,1,107.63,24
Cabbage,2026-02-11,119.34,2.2,71.5,0.34,2,5,0,146.75,17
Mango,2026-02-12,379.97,8.6,55.9,0.94,1,12,0,361.88,12
Tomato,2026-02-13,412.17,3.7,60.5,0.18,5,11,0,323.67,26
Tomato,2026-02-14,103.42,5.0,50.1,1.4,2,0,1,380.06,5
Apple,2026-02-15,376.12,9.8,79.5,1.82,4,10,1,122.03,25
Spinach,2026-02-16,254.34,4.7,51.7,1.69,3,6,0,411.75,11
Carrot,2026-02-17,383.96,4.4,70.8,0.34,3,0,0,152.52,19
Cabbage,2026-02-18,272.68,9.3,57.1,0.34,2,10,0,86.91,26
Banana,2026-02-19,302.82,2.9,48.2,1.65,6,1,1,414.14,17
Banana,2026-02-20,263.53,8.1,72.0,1.86,2,1,0,176.32,17
Cabbage,2026-02-21,370.01,9.9,53.3,0.98,8,4,0,304.78,13
Onion,2026-02-22,326.66,9.2,74.6,1.05,8,13,0,141.66,28
Carrot,2026-02-23,256.06,7.2,76.6,0.7,5,9,0,275.64,19
Mango,2026-02-24,371.23,4.5,74.4,1.8,7,12,1,383.14,8
Grapes,2026-02-25,164.43,4.0,41.4,1.33,4,6,0,189.3,17
Onion,2026-02-26,135.24,8.6,71.5,0.65,1,0,0,305.52,16
Grapes,2026-02-27,136.25,9.0,56.5,0.67,2,9,0,145.38,9
Grapes,2026-02-28,193.89,6.2,74.9,1.79,4,0,0,290.43,11
Onion,2026-03-01,162.25,4.0,65.5,0.13,1,0,1,194.7,12
Apple,2026-03-02,391.79,2.9,73.3,0.71,8,5,0,153.12,9
Tomato,2026-03-03,118.14,2.7,60.0,1.15,9,1,1,186.98,13
Grapes,2026-03-04,315.06,7.8,61.4,0.38,4,0,1,142.38,18
Onion,2026-03-05,145.82,5.4,45.8,0.27,3,5,0,382.44,16
Onion,2026-03-06,375.7,9.2,71.4,1.65,2,13,0,214.87,8
Potato,2026-03-07,402.16,7.9,56.8,1.8,5,1,0,164.43,24
Apple,2026-03-08,237.54,3.5,60.0,1.66,3,5,1,231.87,12
Spinach,2026-03-09,374.85,6.9,71.4,1.81,7,9,0,189.42,21
Potato,2026-03-10,84.71,5.5,64.0,1.15,6,7,0,330.15,12
Potato,2026-03-11,355.22,6.6,48.0,1.64,1,1,0,405.45,25
Cabbage,2026-03-12,158.9,7.9,63.6,0.83,8,10,1,228.43,5
Tomato,2026-03-13,384.69,8.4,56.3,1.37,2,8,0,368.86,24
Onion,2026-03-14,83.37,8.7,58.8,1.98,5,7,0,270.87,6
Tomato,2026-03-15,267.65,4.0,41.1,0.53,9,11,0,135.2,8
Carrot,2026-03-16,334.2,2.2,48.4,0.84,8,9,0,312.29,28
Cabbage,2026-03-17,168.88,7.9,51.2,1.01,2,0,1,253.46,25
Spinach,2026-03-18,147.12,2.9,68.5,0.36,9,6,0,299.0,5
Tomato,2026-03-19,110.92,4.5,40.5,0.25,5,13,1,378.38,11
Banana,2026-03-20,191.38,2.0,56.4,1.68,6,12,0,229.22,5
Grapes,2026-03-21,268.87,7.5,77.0,1.96,3,9,0,382.19,13
Carrot,2026-03-22,121.46,3.3,44.5,0.87,3,5,0,332.22,7
Apple,2026-03-23,208.06,7.2,60.7,0.27,8,13,0,245.22,16
Spinach,2026-03-24,86.01,9.9,71.5,0.23,2,5,0,283.27,23
Carrot,2026-03-25,354.8,2.6,77.7,1.79,2,5,0,191.09,19
Grapes,2026-03-26,125.64,2.6,69.9,0.98,5,5,0,409.55,26
Cabbage,2026-03-27,177.07,4.7,68.8,0.71,6,9,0,304.56,20
Grapes,2026-03-28,89.12,8.9,73.1,1.01,2,6,0,97.56,14
Potato,2026-03-29,226.5,3.7,57.8,0.7,5,11,1,191.44,26
Grapes,2026-03-30,361.92,4.9,72.2,1.03,7,2,0,289.94,10
Potato,2026-03-31,213.19,2.5,40.3,1.73,8,13,0,101.7,21
Cabbage,2026-04-01,142.59,8.1,77.0,1.23,7,5,0,90.93,25
Mango,2026-04-02,333.23,5.3,57.7,1.42,8,2,1,232.41,26
Potato,2026-04-03,344.88,8.1,62.1,0.79,9,6,1,193.45,28
Apple,2026-04-04,140.69,9.2,50.2,1.5,5,6,0,228.52,21
Grapes,2026-04-05,338.92,3.9,69.7,1.37,5,7,1,170.21,25
Grapes,2026-04-06,397.5,8.5,43.1,0.33,4,1,0,137.69,23
Apple,2026-04-07,138.24,2.5,74.9,1.19,9,8,0,311.8,22
Banana,2026-04-08,338.97,9.2,73.1,0.59,5,12,1,253.84,15
Onion,2026-04-09,318.25,7.2,48.6,1.63,2,4,1,149.45,28
Mango,2026-04-10,240.23,9.0,72.4,0.91,8,8,0,189.1,11
Spinach,2026-04-11,102.23,2.0,71.5,1.99,7,9,1,279.48,14
Potato,2026-04-12,107.8,3.4,65.3,0.28,8,4,0,106.98,11
Apple,2026-04-13,366.0,5.1,54.9,1.58,3,6,1,131.95,9
Cabbage,2026-04-14,411.73,5.0,50.9,1.38,4,10,0,107.32,16
Potato,2026-04-15,307.45,3.8,49.3,1.56,5,8,0,352.69,20
Onion,2026-04-16,231.06,5.1,52.7,0.68,6,3,0,332.8,29
Cabbage,2026-04-17,297.99,3.0,76.1,1.03,1,1,0,333.1,25
Carrot,2026-04-18,280.34,5.3,43.1,1.61,4,8,0,320.82,22
Grapes,2026-04-19,210.36,8.4,73.2,0.54,5,12,0,305.24,7
Carrot,2026-04-20,104.79,5.8,54.0,0.53,7,1,0,241.36,24
Potato,2026-04-21,355.74,2.1,60.9,1.15,5,2,0,296.24,19
Onion,2026-04-22,206.45,5.4,71.8,1.09,1,9,0,95.74,9
Mango,2026-04-23,354.84,2.2,75.4,0.64,7,1,0,289.33,17
Potato,2026-04-24,166.83,9.7,53.8,0.67,8,2,0,341.26,23
Apple,2026-04-25,83.34,3.0,58.5,0.63,7,5,1,249.12,16
Tomato,2026-04-26,135.77,7.7,56.6,1.57,4,2,1,201.69,27
Potato,2026-04-27,238.56,9.8,40.5,1.34,8,9,1,175.11,25
Grapes,2026-04-28,396.51,8.6,51.8,1.68,5,7,0,296.41,9
Grapes,2026-04-29,116.93,7.6,58.4,1.95,9,10,1,313.01,10
Potato,2026-04-30,366.6,8.7,56.4,1.0,5,5,0,372.16,11
Cabbage,2026-05-01,257.97,9.9,68.9,0.23,1,6,0,196.65,14
Tomato,2026-05-02,357.21,7.0,55.4,0.19,9,0,0,338.56,20
Apple,2026-05-03,182.06,6.5,59.6,0.66,5,2,1,269.37,12
Potato,2026-05-04,361.86,7.0,57.2,1.87,6,2,0,376.1,13
Cabbage,2026-05-05,339.58,6.3,69.6,1.09,4,1,0,258.23,8
Grapes,2026-05-06,159.38,7.1,74.5,0.62,6,6,0,254.85,25
Grapes,2026-05-07,126.6,5.6,61.3,0.86,8,8,1,274.86,25
Onion,2026-05-08,371.19,3.7,71.6,1.24,3,3,0,331.77,12
Potato,2026-05-09,402.79,3.0,51.9,1.34,5,11,0,403.28,29
Tomato,2026-05-10,93.39,2.5,61.7,0.39,2,4,0,107.42,11
Banana,2026-05-11,325.78,4.1,53.8,1.96,2,2,0,100.74,19
Tomato,2026-05-12,384.96,2.4,56.6,1.14,7,10,0,394.27,25
Grapes,2026-05-13,367.64,6.5,69.3,0.36,6,8,0,258.92,7
Grapes,2026-05-14,403.22,4.3,75.3,1.8,4,13,1,287.15,21
Carrot,2026-05-15,335.35,8.6,44.9,0.24,5,3,0,243.16,15
Grapes,2026-05-16,229.84,2.6,65.4,1.82,1,4,0,114.09,13
Apple,2026-05-17,186.57,3.8,63.3,1.99,7,0,0,338.01,9
Spinach,2026-05-18,189.49,7.8,44.7,1.43,8,10,0,331.08,29
Potato,2026-05-19,323.51,6.8,48.5,1.56,9,11,0,186.49,14
Tomato,2026-05-20,330.62,2.5,52.4,0.74,8,12,0,184.67,19
Spinach,2026-05-21,149.52,9.0,46.7,1.89,5,1,0,361.16,18
Cabbage,2026-05-22,371.22,9.0,49.7,1.11,3,11,1,107.02,8
Banana,2026-05-23,320.35,4.6,50.7,1.49,9,12,0,375.53,25
Apple,2026-05-24,269.83,4.7,53.4,1.86,6,8,0,168.21,24
Tomato,2026-05-25,239.55,9.9,70.0,1.95,5,1,1,279.87,6
Spinach,2026-05-26,263.35,7.0,62.9,1.68,3,4,0,393.75,16
Banana,2026-05-27,135.87,6.3,79.4,0.68,6,12,1,308.14,5
Carrot,2026-05-28,150.63,8.7,56.6,1.94,3,7,0,220.59,28
Apple,2026-05-29,113.27,4.3,70.2,1.29,6,2,0,311.93,24
Apple,2026-05-30,134.01,5.4,74.9,1.87,4,5,1,197.2,9
Carrot,2026-05-31,233.63,4.1,67.2,1.38,2,3,0,175.05,10
Potato,2026-06-01,259.08,8.3,56.5,0.68,8,10,0,413.9,28
Carrot,2026-06-02,88.93,6.6,70.1,0.8,4,6,1,332.26,15
Apple,2026-06-03,347.54,7.3,48.1,1.15,9,9,0,297.05,12
Apple,2026-06-04,180.66,4.0,53.1,1.6,7,13,0,200.96,11
Spinach,2026-06-05,385.73,3.8,61.9,0.7,2,12,0,99.32,8
Grapes,2026-06-06,404.21,5.9,63.0,1.2,4,2,1,93.31,10
Banana,2026-06-07,144.57,7.9,40.9,0.76,5,5,1,266.99,20
Carrot,2026-06-08,236.42,6.2,77.8,1.65,3,11,0,335.99,24
Banana,2026-06-09,83.41,2.3,67.9,0.99,9,9,0,261.41,19
Carrot,2026-06-10,281.64,8.9,59.8,0.25,5,8,1,362.14,18
Cabbage,2026-06-11,284.63,2.5,77.3,0.42,2,10,0,94.1,27
Apple,2026-06-12,165.18,9.6,57.6,0.22,3,9,0,204.76,16
Grapes,2026-06-13,268.39,2.2,79.2,1.05,9,0,1,161.71,16
Spinach,2026-06-14,157.88,7.6,60.5,0.3,7,2,1,231.49,20
Grapes,2026-06-15,136.39,2.7,44.6,0.32,2,1,1,107.03,19
Grapes,2026-06-16,299.3,9.3,70.6,1.89,9,7,0,399.77,17
Grapes,2026-06-17,191.21,5.7,67.2,1.76,4,6,0,157.12,15
Banana,2026-06-18,278.97,3.1,70.9,0.96,9,1,0,389.21,21
Carrot,2026-06-19,226.84,4.7,78.1,1.97,2,5,0,224.4,25
Mango,2026-06-20,409.8,3.3,71.1,0.1,4,2,0,410.19,19
Cabbage,2026-06-21,132.66,3.4,64.5,1.27,5,7,1,266.95,18
Tomato,2026-06-22,237.25,9.6,74.3,1.27,2,9,0,392.04,14
Grapes,2026-06-23,308.91,5.6,66.9,0.97,1,12,1,84.78,16
Potato,2026-06-24,214.32,8.3,56.3,0.85,7,2,0,331.42,20
Banana,2026-06-25,406.6,7.1,75.4,0.97,1,9,0,382.81,19
Spinach,2026-06-26,322.67,7.4,48.9,0.89,8,13,0,129.39,14
Tomato,2026-06-27,301.12,3.1,68.6,1.49,3,8,0,114.91,8
Mango,2026-06-28,334.34,3.9,75.3,0.36,6,0,0,223.96,27
Potato,2026-06-29,399.28,8.3,69.3,0.48,7,4,1,392.98,13
Mango,2026-06-30,384.4,9.8,67.9,0.44,1,2,1,263.07,25
Tomato,2026-07-01,323.46,4.1,70.1,0.6,6,5,0,258.12,24
Grapes,2026-07-02,331.72,4.2,58.6,1.1,7,9,0,129.85,13
Potato,2026-07-03,131.45,5.8,75.0,0.31,6,1,1,83.26,25
Mango,2026-07-04,117.13,9.9,48.1,1.75,4,8,0,351.97,29
Spinach,2026-07-05,272.54,4.2,45.1,0.66,1,5,0,112.07,28
Carrot,2026-07-06,89.1,5.3,51.4,0.41,9,6,0,293.44,24
Apple,2026-07-07,243.14,9.1,61.3,1.38,4,4,1,386.65,15
Carrot,2026-07-08,152.84,2.0,60.4,0.17,7,8,0,152.27,15
Tomato,2026-07-09,197.88,2.3,72.8,1.28,7,0,0,303.87,11
Banana,2026-07-10,340.57,6.8,56.2,1.43,2,4,1,109.13,25
Apple,2026-07-11,395.49,9.3,59.4,0.51,1,10,0,283.45,14
Cabbage,2026-07-12,107.04,3.9,40.5,0.18,8,9,0,137.43,8
Spinach,2026-07-13,260.37,5.8,56.4,0.79,8,10,0,327.34,9
Cabbage,2026-07-14,376.0,5.6,65.9,0.29,7,5,1,183.01,9
Potato,2026-07-15,110.39,5.8,40.6,0.32,8,6,0,236.85,15
Apple,2026-07-16,356.74,7.0,51.2,0.58,3,11,1,282.01,13
Cabbage,2026-07-17,201.79,5.8,48.3,0.66,2,3,0,139.86,20
Cabbage,2026-07-18,189.94,5.6,41.7,1.11,7,11,0,329.22,13
Mango,2026-07-19,407.52,5.8,59.2,1.39,8,12,1,183.48,26
Carrot,2026-07-20,149.69,6.7,47.3,1.23,1,0,0,302.91,8
Mango,2026-07-21,313.14,6.3,69.7,0.38,9,10,0,135.55,6
Apple,2026-07-22,355.72,8.8,73.9,0.43,4,7,0,311.46,18
Apple,2026-07-23,96.67,2.4,61.8,1.77,4,9,0,125.56,7
Tomato,2026-07-24,305.57,8.7,79.3,1.16,3,3,0,224.22,22
Mango,2026-07-25,398.91,8.8,58.0,1.75,6,2,0,165.07,25
Onion,2026-07-26,124.24,4.3,60.5,0.81,1,11,0,331.46,10
Carrot,2026-07-27,380.55,5.7,79.6,1.27,6,6,1,170.0,15
Apple,2026-07-28,280.47,5.5,49.3,1.09,2,11,0,375.73,25
Tomato,2026-07-29,287.71,3.7,77.7,0.71,9,1,1,379.08,22
Mango,2026-07-30,286.5,5.2,41.7,0.99,2,7,0,148.22,16
Carrot,2026-07-31,182.21,2.4,57.9,1.05,7,13,0,286.8,9
Mango,2026-08-01,393.49,4.2,42.8,0.48,1,5,0,112.12,13
Cabbage,2026-08-02,397.52,8.5,69.2,0.7,7,6,0,212.99,24
Tomato,2026-08-03,290.6,4.3,64.3,1.6,5,13,0,319.82,22
Carrot,2026-08-04,343.1,8.5,68.3,1.84,8,4,1,301.93,23
Grapes,2026-08-05,286.27,6.3,55.0,0.78,4,8,1,290.4,7
Potato,2026-08-06,243.82,9.0,54.8,0.68,7,4,1,176.8,13
Potato,2026-08-07,302.39,6.6,41.8,0.47,6,10,0,208.5,8
Carrot,2026-08-08,266.6,2.2,54.0,1.39,5,4,1,117.18,21
Mango,2026-08-09,281.36,7.4,77.2,0.71,4,2,0,321.72,21
Tomato,2026-08-10,343.23,2.4,55.2,1.98,7,10,0,250.29,27
Potato,2026-08-11,242.66,5.6,73.3,0.72,5,0,1,318.31,27
Tomato,2026-08-12,96.53,9.4,73.7,0.85,5,1,0,165.65,6
Potato,2026-08-13,137.45,3.3,54.9,1.25,1,7,0,190.71,13
Cabbage,2026-08-14,228.62,5.1,65.3,1.62,2,0,0,193.96,13
Mango,2026-08-15,323.64,7.8,43.8,0.99,5,6,0,91.55,9
Cabbage,2026-08-16,279.97,9.1,44.1,0.9,3,13,1,196.23,19
Potato,2026-08-17,298.9,7.4,41.9,1.99,2,13,0,349.7,19
Grapes,2026-08-18,242.12,4.1,63.2,0.12,4,4,1,380.9,7
Grapes,2026-08-19,287.43,7.4,57.0,1.8,4,2,0,255.05,23
Cabbage,2026-08-20,192.23,4.4,61.9,0.38,4,11,0,234.23,7
Grapes,2026-08-21,239.1,7.7,60.8,1.59,4,11,0,93.23,10
Potato,2026-08-22,330.1,9.6,54.0,1.27,3,10,0,374.9,8
Carrot,2026-08-23,372.45,7.8,67.1,0.75,7,6,0,87.32,28
Cabbage,2026-08-24,226.97,8.9,70.3,1.76,9,8,1,396.66,17
Banana,2026-08-25,97.5,2.0,40.6,0.12,5,1,1,245.42,17
Mango,2026-08-26,136.68,7.7,48.3,0.53,4,7,1,196.52,15
Grapes,2026-08-27,89.93,8.6,68.5,1.18,2,8,1,389.84,9
Grapes,2026-08-28,299.88,2.3,55.5,0.77,2,10,1,91.1,5
Apple,2026-08-29,193.33,9.0,66.5,1.26,5,2,0,276.03,13
Onion,2026-08-30,263.1,4.1,53.9,0.15,7,1,1,265.25,21
Cabbage,2026-08-31,246.77,7.3,55.6,0.32,9,6,0,155.81,26
Spinach,2026-09-01,110.07,8.4,46.3,0.34,7,4,0,225.39,5
Grapes,2026-09-02,216.88,7.3,50.3,0.46,5,4,0,299.55,7
Mango,2026-09-03,156.23,2.7,64.2,0.97,6,9,0,324.41,19
Banana,2026-09-04,221.91,6.8,57.3,1.53,3,4,0,83.24,25
Grapes,2026-09-05,150.59,6.4,71.0,1.82,5,3,1,394.04,27
Banana,2026-09-06,362.03,9.2,74.1,1.69,8,12,0,137.62,14
Potato,2026-09-07,140.83,5.2,61.7,0.47,1,4,0,160.55,12
Potato,2026-09-08,401.98,4.6,70.3,0.94,1,12,0,170.47,16
Onion,2026-09-09,221.08,8.0,52.3,0.48,7,3,0,95.56,29
Carrot,2026-09-10,363.95,5.3,56.6,0.6,5,12,0,123.85,26
Spinach,2026-09-11,291.75,7.2,68.5,1.06,5,5,0,410.47,19
Apple,2026-09-12,327.14,7.2,55.4,0.23,1,3,0,187.65,13
Onion,2026-09-13,337.88,9.1,63.5,0.51,9,1,0,121.28,28
Tomato,2026-09-14,250.61,6.8,47.4,1.88,1,8,1,118.52,29
Apple,2026-09-15,263.38,6.0,64.0,0.99,5,1,1,321.86,14
Cabbage,2026-09-16,253.65,3.1,74.5,0.95,9,8,0,366.72,24
Mango,2026-09-17,278.24,2.9,74.7,0.13,4,9,0,168.31,13
Tomato,2026-09-18,92.76,3.2,69.0,0.57,8,5,0,89.94,19
Tomato,2026-09-19,214.31,3.4,69.8,1.75,6,8,1,157.07,27
Onion,2026-09-20,284.25,7.1,62.3,0.41,3,8,0,101.76,25
Carrot,2026-09-21,281.44,7.9,63.4,0.89,4,2,0,117.33,25
Onion,2026-09-22,346.26,6.2,45.3,0.13,2,0,1,226.26,5
Cabbage,2026-09-23,300.46,8.6,57.8,1.01,1,0,0,159.33,6
Grapes,2026-09-24,412.39,9.9,58.0,0.14,8,2,0,254.29,23
Grapes,2026-09-25,177.24,8.6,78.3,1.66,1,4,0,167.16,18
Carrot,2026-09-26,202.24,7.6,57.2,1.67,1,12,1,395.26,12
Cabbage,2026-09-27,210.44,6.3,62.0,1.6,4,2,1,383.77,10
Carrot,2026-09-28,237.65,5.6,61.3,0.64,6,11,1,271.18,16
Banana,2026-09-29,360.55,2.7,65.5,1.69,9,8,0,200.67,19
Grapes,2026-09-30,161.28,5.2,69.9,1.13,1,8,0,209.54,18
Tomato,2026-10-01,340.63,9.3,49.0,0.81,7,2,1,219.73,25
Spinach,2026-10-02,217.56,8.5,61.1,1.29,5,2,1,324.56,5
Mango,2026-10-03,282.82,3.7,73.0,0.12,8,11,0,232.94,15
Cabbage,2026-10-04,293.0,5.7,58.5,0.37,7,13,1,367.43,29
Apple,2026-10-05,206.79,8.5,51.1,1.51,4,4,0,396.44,7
Carrot,2026-10-06,253.19,2.5,66.2,0.56,4,1,0,194.53,23
Mango,2026-10-07,220.13,5.1,73.0,1.24,6,5,0,269.15,22
Apple,2026-10-08,105.95,8.8,42.5,0.83,6,6,0,114.56,24
Mango,2026-10-09,228.14,5.2,71.1,1.72,9,12,1,149.56,6
Spinach,2026-10-10,115.33,2.6,72.9,1.91,5,8,0,220.27,29
Apple,2026-10-11,217.47,6.3,58.5,1.78,8,5,0,151.46,11
Onion,2026-10-12,279.85,8.9,79.3,0.61,5,2,1,374.02,12
Potato,2026-10-13,275.37,6.7,71.5,0.47,2,11,1,135.55,23
Onion,2026-10-14,302.99,3.8,70.9,1.0,6,4,0,234.28,26
Grapes,2026-10-15,114.63,5.1,69.9,0.11,9,3,0,284.09,19
Potato,2026-10-16,299.5,5.6,46.0,0.15,3,4,0,312.7,14
Onion,2026-10-17,186.63,6.6,48.7,1.15,1,7,0,210.18,26
Potato,2026-10-18,215.48,8.1,58.6,1.09,1,7,1,371.54,5
Potato,2026-10-19,367.85,2.8,50.6,1.99,3,5,1,271.68,10
Tomato,2026-10-20,86.0,9.1,56.6,0.48,5,0,0,228.92,17
Carrot,2026-10-21,278.35,2.1,75.5,0.59,3,7,0,105.32,18
Carrot,2026-10-22,281.77,5.0,73.0,0.32,9,7,0,237.28,7
Tomato,2026-10-23,214.69,2.2,65.2,1.84,8,1,1,355.48,15
Mango,2026-10-24,161.69,5.1,74.3,1.58,3,3,0,287.03,7
Banana,2026-10-25,160.91,6.2,71.4,1.66,9,11,0,359.28,23
Mango,2026-10-26,376.39,6.1,57.2,1.82,6,1,0,247.01,14
Apple,2026-10-27,229.75,3.3,48.0,1.1,7,3,0,122.33,19
Apple,2026-10-28,192.86,7.2,60.6,0.96,4,11,0,87.53,15
Potato,2026-10-29,231.99,2.4,69.4,0.73,4,12,0,183.67,19
Onion,2026-10-30,305.24,8.1,57.5,1.22,2,12,1,314.73,28
Onion,2026-10-31,131.39,9.6,66.7,0.96,5,9,1,345.37,17
Carrot,2026-11-01,232.21,4.7,43.8,0.96,8,6,1,181.19,9
Cabbage,2026-11-02,278.18,6.1,69.9,1.88,7,8,0,247.56,8
Mango,2026-11-03,397.93,5.0,72.5,1.97,7,13,0,222.81,17
Grapes,2026-11-04,166.84,2.1,68.3,1.61,6,13,0,219.29,13
Spinach,2026-11-05,202.27,5.1,78.7,1.54,3,7,0,159.81,29
Onion,2026-11-06,208.95,8.3,73.1,1.39,5,11,1,128.28,21
Spinach,2026-11-07,284.04,6.8,76.1,0.42,1,8,0,148.3,6
Potato,2026-11-08,201.44,2.8,77.3,0.21,7,7,0,101.37,28
Spinach,2026-11-09,260.13,8.8,72.1,1.41,9,1,1,148.78,9
Grapes,2026-11-10,342.55,6.2,67.0,1.48,1,6,1,86.05,20
Tomato,2026-11-11,317.19,8.7,40.2,0.19,2,1,0,291.25,11
Grapes,2026-11-12,231.19,6.6,58.6,1.86,3,12,0,188.04,5
Spinach,2026-11-13,369.92,6.5,62.8,0.27,3,11,0,406.08,16
Grapes,2026-11-14,268.3,2.8,52.2,0.64,8,10,0,147.31,25
Banana,2026-11-15,262.25,3.3,52.7,1.38,7,1,0,197.82,15
Potato,2026-11-16,94.35,9.8,78.4,0.42,6,3,0,201.8,16
Mango,2026-11-17,410.58,3.8,75.7,0.21,4,0,1,85.81,23
Tomato,2026-11-18,123.83,9.8,74.0,0.73,9,4,0,361.62,16
Onion,2026-11-19,159.74,6.3,56.2,1.56,1,5,0,93.62,16
Apple,2026-11-20,100.16,3.1,40.5,0.89,2,8,0,395.14,18
Mango,2026-11-21,295.48,2.8,43.2,1.34,4,9,0,379.17,6
Apple,2026-11-22,157.6,3.7,52.5,1.2,3,7,1,260.79,6
Potato,2026-11-23,142.76,9.4,40.6,0.14,1,1,0,263.47,29
Tomato,2026-11-24,112.4,5.3,40.7,1.98,5,0,0,300.05,8
Carrot,2026-11-25,117.3,5.2,76.7,0.18,7,1,0,211.5,24
Onion,2026-11-26,277.11,4.5,68.2,1.94,2,6,1,297.88,27
Banana,2026-11-27,311.49,3.2,52.4,1.14,5,3,0,97.86,20
Carrot,2026-11-28,214.93,5.9,45.3,1.93,6,9,1,100.94,14
Potato,2026-11-29,242.33,3.0,60.5,0.32,7,4,0,234.8,17
Mango,2026-11-30,310.74,8.7,40.2,1.03,1,11,0,265.47,6
Banana,2026-12-01,88.77,5.0,77.5,0.42,7,6,0,377.76,7
Grapes,2026-12-02,190.28,5.0,56.6,0.2,4,2,1,117.75,23
Spinach,2026-12-03,406.07,5.8,56.1,1.27,8,9,1,356.12,10
Banana,2026-12-04,275.6,5.6,55.6,0.49,4,1,0,152.74,23
Potato,2026-12-05,167.4,10.0,42.8,1.22,6,12,0,213.84,25
Cabbage,2026-12-06,256.21,6.4,65.5,0.31,9,6,0,188.11,24
Spinach,2026-12-07,196.76,2.7,69.3,0.73,5,4,0,215.85,23
Apple,2026-12-08,259.71,6.9,67.0,1.59,4,13,0,132.96,12
Onion,2026-12-09,124.75,3.2,45.5,0.93,8,0,1,250.19,18
Apple,2026-12-10,127.06,2.2,63.2,1.29,9,0,1,349.15,14
Banana,2026-12-11,130.66,9.8,62.8,1.33,4,8,0,229.59,7
Apple,2026-12-12,395.02,8.2,74.7,1.7,3,4,0,245.88,10
Potato,2026-12-13,326.32,9.8,55.2,0.72,8,0,1,364.79,19
Grapes,2026-12-14,136.91,5.8,54.9,1.41,5,6,1,317.41,27
Mango,2026-12-15,145.53,6.3,64.7,1.93,2,8,0,245.83,27
Onion,2026-12-16,325.64,3.3,65.3,1.49,9,10,0,168.55,22
Apple,2026-12-17,134.85,4.0,58.8,1.03,3,0,0,376.8,18
Apple,2026-12-18,160.87,8.7,57.7,1.3,2,9,0,274.57,23
Banana,2026-12-19,402.83,4.8,59.8,1.51,1,13,0,156.42,14
Mango,2026-12-20,167.76,8.6,74.4,1.26,8,12,0,172.35,19
Carrot,2026-12-21,302.66,7.7,58.4,0.13,3,3,0,349.64,8
Apple,2026-12-22,407.91,3.4,77.6,0.47,7,13,0,97.66,27
Potato,2026-12-23,207.27,6.1,60.2,1.64,1,2,0,412.37,6
Cabbage,2026-12-24,88.82,7.4,78.0,0.62,1,4,0,126.28,7
Onion,2026-12-25,164.06,3.9,73.3,1.49,9,6,1,347.29,11
Apple,2026-12-26,358.85,8.6,54.5,0.81,8,7,1,214.07,27
Potato,2026-12-27,370.05,6.4,74.5,1.09,3,12,0,246.42,20
Potato,2026-12-28,338.15,3.3,44.4,0.23,6,1,0,375.38,14
Onion,2026-12-29,120.55,6.7,77.0,0.44,3,6,1,220.09,23
Carrot,2026-12-30,347.11,10.0,65.3,1.92,4,13,0,261.45,21
Potato,2026-12-31,388.0,3.2,42.2,1.79,1,13,0,99.37,23
Cabbage,2027-01-01,282.4,8.5,65.8,1.34,5,0,0,83.78,9
Potato,2027-01-02,395.37,3.7,79.0,0.97,1,6,0,164.27,27
Potato,2027-01-03,357.51,8.3,42.8,1.38,1,7,0,308.95,24
Potato,2027-01-04,304.43,7.9,62.2,1.28,7,1,1,123.26,17
Grapes,2027-01-05,274.63,4.4,69.9,1.18,6,8,0,120.77,17
Grapes,2027-01-06,198.73,4.6,72.4,0.21,2,0,0,219.44,15
Carrot,2027-01-07,135.88,8.3,56.6,1.3,2,12,1,298.08,15
Apple,2027-01-08,283.84,5.7,48.2,1.56,7,5,0,319.41,20
Potato,2027-01-09,188.61,7.8,41.7,1.99,1,0,0,142.25,19
Mango,2027-01-10,370.66,3.2,63.2,0.12,2,2,0,109.42,21
Apple,2027-01-11,412.79,8.8,58.1,1.49,8,10,0,395.21,26
Carrot,2027-01-12,332.81,7.7,77.9,1.19,6,5,0,169.54,22
Tomato,2027-01-13,113.04,9.3,42.4,0.92,2,2,0,366.31,23
Apple,2027-01-14,178.84,3.1,67.4,0.34,7,7,0,369.68,8
Apple,2027-01-15,119.22,6.7,41.0,0.88,4,4,0,339.48,26
Spinach,2027-01-16,298.97,6.8,46.9,0.77,2,1,0,139.05,26
Banana,2027-01-17,337.04,4.8,58.1,0.68,6,3,0,355.84,27
Spinach,2027-01-18,390.32,5.7,58.2,1.49,9,8,0,338.39,9
Cabbage,2027-01-19,228.47,2.3,67.4,1.43,9,3,0,281.11,11
Grapes,2027-01-20,382.26,8.0,76.4,1.22,8,9,0,194.95,6
Grapes,2027-01-21,374.46,6.4,65.6,1.88,3,9,1,170.15,5
Banana,2027-01-22,188.31,2.5,78.1,0.76,3,7,0,123.47,16
Onion,2027-01-23,371.48,7.4,75.3,0.56,2,4,0,252.24,14
Onion,2027-01-24,207.72,5.7,63.4,1.35,5,10,1,277.31,12
Carrot,2027-01-25,181.56,2.3,73.4,0.48,4,10,0,202.3,5
Banana,2027-01-26,298.49,9.8,65.7,0.7,7,9,0,240.82,16
Apple,2027-01-27,192.02,9.6,43.1,0.53,4,12,1,203.69,6
Onion,2027-01-28,292.23,6.1,69.6,0.23,9,12,1,295.81,14
Potato,2027-01-29,285.46,2.7,43.8,1.67,2,13,0,382.22,26
Mango,2027-01-30,270.06,8.0,63.8,0.58,6,0,0,137.42,21
Apple,2027-01-31,209.3,5.9,68.1,1.0,7,6,0,209.63,7
Cabbage,2027-02-01,265.1,4.4,42.7,0.18,4,2,1,129.77,11
Potato,2027-02-02,281.03,5.9,49.2,1.43,6,9,0,290.48,16
Potato,2027-02-03,264.17,6.2,76.6,0.73,7,7,0,324.99,12
Banana,2027-02-04,230.55,6.5,64.7,1.51,4,13,1,392.4,24
Carrot,2027-02-05,87.87,5.5,49.9,0.88,8,11,0,175.59,16
Cabbage,2027-02-06,277.9,6.8,67.6,0.47,9,2,1,398.47,7
Onion,2027-02-07,138.92,9.3,63.9,1.08,1,0,0,104.0,21
Banana,2027-02-08,296.34,4.9,60.1,0.35,7,4,0,283.2,13
Onion,2027-02-09,335.1,7.8,79.0,0.94,9,1,0,101.97,14
Banana,2027-02-10,249.15,9.2,67.3,0.7,5,10,1,379.73,26
Banana,2027-02-11,263.06,5.6,55.0,1.83,2,3,0,258.9,10
Banana,2027-02-12,398.89,5.5,72.0,0.22,6,0,0,305.22,29
Carrot,2027-02-13,364.26,6.8,75.4,1.42,7,8,0,359.08,5
Banana,2027-02-14,386.53,6.7,45.0,0.45,2,5,1,132.9,26
Tomato,2027-02-15,353.17,8.5,48.0,0.71,2,7,1,95.81,16
Mango,2027-02-16,119.16,5.8,48.6,0.89,1,10,0,374.79,9
Onion,2027-02-17,132.47,10.0,67.6,1.83,4,3,0,187.56,17
Apple,2027-02-18,257.84,2.5,64.1,0.56,7,8,1,125.82,19
Spinach,2027-02-19,164.7,2.0,64.8,0.27,9,1,0,238.53,26
Cabbage,2027-02-20,241.26,7.1,77.6,0.71,3,8,0,281.64,15
Grapes,2027-02-21,213.93,4.4,71.0,0.3,7,11,0,93.28,12
Carrot,2027-02-22,265.41,3.9,45.1,0.34,7,4,1,174.27,9
Apple,2027-02-23,330.96,4.5,53.9,1.19,7,12,0,93.89,6
Potato,2027-02-24,320.54,4.0,57.4,0.22,2,5,0,222.55,16
Tomato,2027-02-25,256.05,2.2,55.8,0.16,6,2,0,380.17,6
Grapes,2027-02-26,356.03,9.8,66.8,1.46,2,3,0,409.24,20
Spinach,2027-02-27,226.05,3.8,75.7,0.79,6,5,0,294.5,25
Apple,2027-02-28,380.71,7.9,52.2,0.34,3,6,0,136.66,7
Grapes,2027-03-01,106.67,8.1,62.1,0.58,2,0,0,383.74,14
Apple,2027-03-02,399.95,9.4,71.6,1.32,6,6,0,254.39,23
Tomato,2027-03-03,300.36,2.2,56.6,0.62,2,0,0,134.04,12
Spinach,2027-03-04,209.18,9.0,46.7,1.04,5,4,1,389.01,11
Potato,2027-03-05,148.46,6.2,59.0,0.33,2,5,1,334.48,5
Banana,2027-03-06,242.09,7.1,42.2,1.22,3,12,1,325.93,16
Onion,2027-03-07,147.59,7.2,77.7,0.7,3,1,0,318.45,9
Potato,2027-03-08,138.22,8.6,43.0,1.29,6,12,0,149.51,20
Banana,2027-03-09,287.96,4.7,57.5,1.64,6,9,0,153.05,29
Carrot,2027-03-10,256.66,7.9,61.2,1.26,3,8,1,311.51,8
Mango,2027-03-11,305.47,6.2,79.4,0.66,3,13,1,155.95,21
Cabbage,2027-03-12,391.63,8.3,46.6,0.59,1,9,1,228.64,28
Cabbage,2027-03-13,259.71,9.9,44.6,0.72,7,5,0,342.62,25
Onion,2027-03-14,275.87,3.6,40.3,0.41,8,6,0,343.27,6
Spinach,2027-03-15,112.76,10.0,46.2,0.44,2,13,0,233.48,16
Tomato,2027-03-16,321.26,2.7,48.3,1.6,4,9,0,346.01,5
Spinach,2027-03-17,215.77,2.0,65.2,0.83,7,7,0,361.42,16
Tomato,2027-03-18,407.27,2.4,48.8,0.93,8,10,1,300.39,16
Spinach,2027-03-19,356.29,4.7,40.8,1.23,1,12,0,158.84,16
Mango,2027-03-20,256.46,7.1,73.1,1.22,4,9,0,173.97,23
Carrot,2027-03-21,123.91,2.6,54.6,0.23,6,0,0,187.53,29
Carrot,2027-03-22,368.33,2.0,54.1,1.68,3,13,1,121.78,21
Banana,2027-03-23,348.53,9.5,52.1,0.44,5,7,0,173.69,24
Grapes,2027-03-24,144.28,8.6,79.0,1.47,9,3,0,152.56,28
Carrot,2027-03-25,181.03,8.5,46.8,1.57,3,9,1,234.17,28
Carrot,2027-03-26,346.41,9.1,75.9,1.46,5,7,0,384.6,15
Potato,2027-03-27,144.5,7.6,71.1,1.2,8,12,0,117.69,17
Potato,2027-03-28,387.69,2.8,43.1,0.13,6,5,0,322.13,12
Banana,2027-03-29,223.94,5.2,79.5,0.78,4,10,0,311.18,14
Grapes,2027-03-30,111.9,7.8,50.9,1.25,8,8,1,114.79,12
Onion,2027-03-31,353.83,4.2,43.9,0.84,3,10,1,389.29,24
Potato,2027-04-01,207.01,7.5,73.2,1.74,3,3,0,271.73,12
Onion,2027-04-02,257.8,2.2,68.3,0.69,4,1,0,203.76,13
Apple,2027-04-03,120.29,4.4,64.7,0.66,9,13,0,334.17,11
Potato,2027-04-04,83.86,6.4,46.2,0.61,5,1,0,168.45,18
Mango,2027-04-05,294.81,7.1,59.1,0.73,8,4,0,313.25,6
Grapes,2027-04-06,254.04,6.6,71.2,1.16,6,9,0,96.18,29
Banana,2027-04-07,280.05,7.6,52.1,1.44,3,8,0,361.68,15
Apple,2027-04-08,346.52,2.0,52.5,1.36,8,11,1,231.79,12
Grapes,2027-04-09,297.67,2.8,40.1,1.63,9,2,0,294.38,17
Mango,2027-04-10,141.02,9.0,47.0,1.78,8,7,0,156.45,25
Grapes,2027-04-11,202.78,7.5,75.0,1.65,4,3,0,307.79,19
Mango,2027-04-12,383.76,2.9,57.7,0.14,6,5,1,339.38,7
Mango,2027-04-13,338.62,8.7,79.4,1.5,1,9,0,240.11,27
Onion,2027-04-14,267.8,3.9,55.8,0.5,4,5,0,288.09,18
Spinach,2027-04-15,167.87,5.8,68.6,0.35,8,2,0,234.5,19
Apple,2027-04-16,183.28,3.2,51.3,1.31,1,13,1,379.84,6
Grapes,2027-04-17,326.01,7.7,54.6,0.71,3,4,0,248.29,23
Tomato,2027-04-18,365.59,7.3,47.6,0.21,1,11,1,362.48,16
Apple,2027-04-19,305.91,3.7,53.9,0.36,9,2,1,349.05,29
Spinach,2027-04-20,351.76,8.9,61.9,0.1,2,10,1,219.29,24
Apple,2027-04-21,337.53,5.2,79.7,1.82,9,10,0,159.39,8
Carrot,2027-04-22,132.7,4.3,66.6,0.15,4,0,0,217.82,7
Tomato,2027-04-23,223.75,3.2,48.0,0.5,2,6,0,357.3,9
Spinach,2027-04-24,133.79,4.1,41.8,0.89,4,3,1,158.57,7
Onion,2027-04-25,161.1,2.2,45.1,0.78,6,13,0,257.11,29
Grapes,2027-04-26,371.59,6.7,62.5,1.83,7,6,0,350.62,19
Cabbage,2027-04-27,240.0,8.7,70.6,0.18,3,2,0,200.35,23
Spinach,2027-04-28,260.74,6.4,77.6,1.07,3,11,0,296.21,6
Banana,2027-04-29,142.24,3.8,40.6,1.39,8,10,0,164.55,16
Grapes,2027-04-30,186.67,2.3,60.9,1.87,5,4,0,119.28,9
Spinach,2027-05-01,159.44,3.7,58.8,1.28,4,4,0,346.74,26
Carrot,2027-05-02,151.45,5.3,66.2,1.63,7,12,1,115.86,21
Cabbage,2027-05-03,294.8,8.1,62.4,0.26,7,1,0,173.1,18
Carrot,2027-05-04,168.29,3.5,67.5,0.83,9,10,0,366.9,26
Cabbage,2027-05-05,292.83,7.8,66.3,0.81,9,9,0,198.03,14
Banana,2027-05-06,102.41,8.9,44.7,1.78,5,11,0,406.05,7
Grapes,2027-05-07,130.07,5.6,72.0,0.39,8,1,1,408.27,8
Onion,2027-05-08,174.15,8.6,44.9,0.39,1,3,0,172.07,10
Carrot,2027-05-09,281.22,6.4,67.9,0.72,9,3,0,96.6,28
Carrot,2027-05-10,307.38,7.1,56.6,0.2,8,3,0,317.08,29
Mango,2027-05-11,229.98,6.2,60.6,0.45,6,5,1,232.73,26
Cabbage,2027-05-12,231.0,5.7,76.1,1.93,3,1,0,116.45,20
Potato,2027-05-13,323.54,3.9,75.6,0.91,3,5,1,317.9,11
Grapes,2027-05-14,88.25,4.4,72.7,1.3,8,6,0,93.35,19
Cabbage,2027-05-15,196.24,4.3,60.4,1.48,5,10,0,371.91,25
Mango,2027-05-16,354.81,6.5,69.4,0.8,7,9,0,129.03,29
Apple,2027-05-17,283.27,3.0,60.5,0.38,5,2,1,125.27,24
Cabbage,2027-05-18,194.96,9.3,74.8,0.49,8,10,0,141.32,15
Onion,2027-05-19,383.63,7.8,56.1,0.7,4,11,1,401.81,26
Grapes,2027-05-20,339.51,5.2,78.8,1.31,2,7,0,313.13,25
Mango,2027-05-21,170.95,3.3,77.3,0.86,3,1,0,349.06,5
Apple,2027-05-22,297.24,9.1,69.7,0.11,8,10,0,215.01,9
Tomato,2027-05-23,280.79,8.6,51.2,1.09,7,7,1,194.66,17
Mango,2027-05-24,216.19,7.8,45.3,1.85,2,12,0,160.85,25
Tomato,2027-05-25,204.83,4.2,74.2,1.64,6,10,1,242.58,18
Grapes,2027-05-26,197.06,5.2,46.6,1.67,9,4,1,266.21,13
Carrot,2027-05-27,287.9,2.8,74.2,1.61,4,1,1,292.75,21
Mango,2027-05-28,229.88,3.5,59.6,0.72,9,6,0,168.36,19
Banana,2027-05-29,359.18,8.3,56.3,1.55,2,13,0,397.95,25
Tomato,2027-05-30,305.31,7.7,76.1,0.37,2,1,1,139.36,11
Onion,2027-05-31,106.22,6.7,64.2,1.35,9,13,0,403.6,26
Banana,2027-06-01,295.54,9.2,63.1,1.32,7,5,0,87.93,26
Spinach,2027-06-02,173.02,6.7,62.4,0.15,7,9,0,242.73,16
Spinach,2027-06-03,279.81,5.7,54.8,1.6,1,2,0,193.68,27
Apple,2027-06-04,308.8,4.7,71.4,1.82,6,8,0,232.11,10
Carrot,2027-06-05,159.64,9.5,50.1,0.61,7,2,0,272.46,25
Grapes,2027-06-06,234.68,2.7,77.6,1.64,6,10,0,227.62,20
Mango,2027-06-07,146.19,9.4,75.8,0.26,6,11,0,220.73,9
Potato,2027-06-08,100.38,8.6,53.5,1.24,2,11,0,326.26,13
Onion,2027-06-09,208.65,3.0,69.2,1.02,6,2,0,310.71,18
Tomato,2027-06-10,203.5,6.5,62.9,1.14,4,4,0,359.65,12
Grapes,2027-06-11,413.5,8.9,53.5,1.86,9,6,0,165.99,18
Banana,2027-06-12,231.19,6.6,79.5,1.76,1,13,0,285.36,16
Spinach,2027-06-13,193.75,9.3,41.0,1.59,8,7,0,277.28,14
Onion,2027-06-14,275.72,9.5,50.1,0.62,5,11,0,205.75,24
Potato,2027-06-15,112.47,5.4,60.8,1.83,1,10,1,244.37,24
Mango,2027-06-16,402.27,5.0,60.9,0.29,4,6,0,187.18,25
Apple,2027-06-17,293.81,9.5,63.6,1.72,1,8,1,130.09,17
Potato,2027-06-18,333.61,7.4,70.1,0.72,6,4,0,153.98,23
Onion,2027-06-19,139.6,2.9,64.9,0.2,2,9,0,118.03,19
Potato,2027-06-20,218.95,2.3,64.0,1.37,5,10,0,309.78,12
Onion,2027-06-21,223.33,6.5,42.1,0.54,7,2,0,302.36,27
Onion,2027-06-22,355.84,9.4,55.1,0.56,2,5,0,398.6,25
Cabbage,2027-06-23,83.41,8.8,49.3,0.68,6,4,0,325.25,14
Tomato,2027-06-24,182.88,7.4,50.6,0.22,6,11,0,100.28,7
Spinach,2027-06-25,408.77,3.1,62.2,0.44,5,3,0,376.57,25
Cabbage,2027-06-26,240.66,4.0,48.0,0.11,5,11,0,369.41,7
Mango,2027-06-27,210.0,9.0,51.8,0.95,3,1,1,230.18,9
Cabbage,2027-06-28,122.78,3.5,49.5,0.26,2,6,0,277.51,20
Carrot,2027-06-29,406.42,4.2,77.9,1.4,7,12,0,407.06,21
Carrot,2027-06-30,89.65,3.0,77.8,0.55,1,4,0,259.73,10
Spinach,2027-07-01,327.74,7.4,64.4,1.89,6,3,0,383.57,24
Potato,2027-07-02,338.18,9.6,77.0,1.76,6,11,1,110.57,24
Tomato,2027-07-03,163.89,4.2,71.4,0.65,3,13,0,146.43,20
Spinach,2027-07-04,305.96,5.8,63.6,1.59,2,7,0,229.33,28
Onion,2027-07-05,113.85,7.1,40.3,1.63,2,8,1,277.14,6
Banana,2027-07-06,168.34,10.0,70.9,1.97,9,8,0,353.99,24
Tomato,2027-07-07,344.58,2.8,68.1,1.24,5,2,0,411.1,19
Tomato,2027-07-08,370.08,6.0,64.6,0.26,7,2,1,212.1,22
Onion,2027-07-09,285.02,5.1,70.4,1.33,5,4,0,98.74,5
Onion,2027-07-10,251.27,8.9,60.5,1.29,7,4,0,348.99,23
Apple,2027-07-11,135.89,5.8,68.2,1.31,4,9,0,283.65,16
Spinach,2027-07-12,103.95,2.9,77.4,0.68,8,1,0,148.92,12
Onion,2027-07-13,122.06,7.1,55.0,1.73,7,0,0,247.28,10
Carrot,2027-07-14,158.48,8.2,68.3,1.92,5,7,1,329.45,16
Mango,2027-07-15,196.44,2.0,59.0,0.51,6,2,0,338.78,11
Banana,2027-07-16,209.46,8.9,67.0,0.27,5,0,1,248.87,22
Spinach,2027-07-17,197.98,3.5,70.5,0.47,7,0,1,184.33,26
Grapes,2027-07-18,162.37,6.4,41.8,1.66,2,10,0,406.28,18
Carrot,2027-07-19,252.23,5.3,65.9,1.39,5,1,0,303.24,12
Potato,2027-07-20,356.99,7.8,49.1,1.31,3,5,0,218.53,28
Onion,2027-07-21,175.86,5.0,66.8,0.86,9,5,1,176.11,24
Grapes,2027-07-22,395.87,9.0,58.7,1.2,6,13,1,325.73,26
Onion,2027-07-23,372.95,7.8,70.9,0.68,3,2,0,163.4,18
Tomato,2027-07-24,136.71,7.2,44.9,1.01,7,11,0,140.01,9
Carrot,2027-07-25,344.04,8.4,65.1,1.61,4,3,0,258.9,13
Tomato,2027-07-26,273.76,8.0,51.1,1.96,3,11,1,179.28,12
Apple,2027-07-27,271.1,2.3,74.1,1.87,8,12,0,291.8,6
Tomato,2027-07-28,212.83,5.2,77.1,1.87,4,1,0,122.16,20
Apple,2027-07-29,249.38,9.4,79.9,0.86,1,1,1,300.44,17
Apple,2027-07-30,214.86,3.0,71.8,0.99,6,6,0,177.05,11
Grapes,2027-07-31,262.19,7.9,70.1,1.44,1,12,0,83.08,20
Onion,2027-08-01,291.48,9.8,48.6,1.85,5,0,0,125.14,11
Potato,2027-08-02,306.87,2.4,53.4,0.37,7,6,0,392.96,18
Tomato,2027-08-03,259.78,7.5,58.6,0.68,6,13,0,370.96,18
Carrot,2027-08-04,322.51,5.7,70.9,0.36,2,11,1,160.56,16
Apple,2027-08-05,129.9,6.6,76.6,1.26,4,13,0,341.42,5
Onion,2027-08-06,153.38,2.7,47.6,0.68,2,11,0,285.05,5
Banana,2027-08-07,354.82,2.3,76.9,0.72,1,13,0,405.34,16
Spinach,2027-08-08,190.08,7.3,67.8,0.23,3,0,0,207.04,24
Grapes,2027-08-09,90.6,8.6,64.4,0.76,3,13,0,309.24,25
Potato,2027-08-10,134.06,8.3,48.0,1.74,7,5,1,104.09,19
Cabbage,2027-08-11,157.24,6.4,42.2,0.54,1,2,1,214.55,8
Grapes,2027-08-12,400.83,2.8,62.7,1.42,9,7,0,402.99,11
Banana,2027-08-13,273.25,7.5,66.1,1.3,6,5,0,261.94,20
Spinach,2027-08-14,392.67,3.9,48.4,1.74,4,10,0,178.58,7
Banana,2027-08-15,273.95,9.3,62.3,0.35,3,1,1,122.93,11
Tomato,2027-08-16,242.15,8.7,74.3,1.96,3,7,0,316.57,28
Apple,2027-08-17,187.16,7.7,73.4,1.21,2,4,1,297.09,26
Potato,2027-08-18,284.32,9.6,77.1,1.99,2,7,0,207.15,10
Mango,2027-08-19,129.21,2.3,54.6,1.83,5,7,1,398.71,20
Apple,2027-08-20,381.22,7.9,52.7,0.52,9,5,1,90.37,28
Mango,2027-08-21,358.34,4.6,70.0,0.21,2,1,1,183.84,12
Spinach,2027-08-22,188.42,9.2,57.2,0.59,2,7,0,388.8,27
Onion,2027-08-23,399.33,4.1,43.5,1.1,6,10,0,189.55,26
Cabbage,2027-08-24,356.97,7.8,51.3,0.43,2,5,0,166.75,10
Carrot,2027-08-25,304.21,9.0,56.7,0.42,4,5,1,260.36,14
Apple,2027-08-26,123.42,2.3,51.7,0.98,6,7,0,356.5,20
Potato,2027-08-27,241.77,5.2,53.3,0.16,5,0,1,117.24,15
Banana,2027-08-28,251.03,8.1,51.8,0.33,1,1,1,396.08,17
Potato,2027-08-29,160.21,5.6,41.7,0.89,6,11,0,346.96,10
Spinach,2027-08-30,109.55,4.1,65.5,0.22,1,11,1,143.18,28
Mango,2027-08-31,340.87,3.8,63.9,0.85,3,8,0,319.39,5
Banana,2027-09-01,123.52,3.1,66.1,1.0,5,10,0,210.81,25
Carrot,2027-09-02,280.3,8.9,47.7,0.96,5,11,0,216.56,23
Carrot,2027-09-03,393.9,6.6,51.8,1.75,6,7,0,343.05,16
Apple,2027-09-04,373.87,2.6,64.8,1.11,8,11,1,402.64,28
Spinach,2027-09-05,175.21,5.1,64.0,0.99,5,6,0,125.05,10
Onion,2027-09-06,365.68,4.9,60.3,0.88,1,6,0,222.65,22
Spinach,2027-09-07,83.11,3.5,54.0,1.65,5,4,0,242.67,17
Mango,2027-09-08,88.87,5.5,76.5,1.8,3,1,1,207.94,11
Potato,2027-09-09,283.05,4.7,53.6,1.72,4,10,0,203.58,27
Carrot,2027-09-10,204.11,4.7,58.2,1.38,8,5,1,100.35,17
Potato,2027-09-11,211.3,7.9,67.1,0.36,7,9,0,310.6,25
Potato,2027-09-12,270.39,3.8,61.7,0.63,5,2,0,227.82,12
Potato,2027-09-13,146.67,7.1,53.9,0.19,2,3,0,147.67,25
Carrot,2027-09-14,153.3,6.6,57.4,1.87,6,12,0,353.92,21
Grapes,2027-09-15,243.89,6.5,71.8,1.36,6,9,1,349.45,13
Tomato,2027-09-16,333.41,7.3,51.1,1.52,6,11,0,244.48,24
Mango,2027-09-17,288.67,6.4,45.7,0.69,9,10,1,182.09,17
Grapes,2027-09-18,181.72,9.0,52.5,1.71,8,1,0,294.85,6
Mango,2027-09-19,225.87,7.4,74.0,0.59,8,13,0,178.67,8
Banana,2027-09-20,139.66,6.4,43.6,0.1,1,1,1,161.35,29
Spinach,2027-09-21,107.78,8.6,79.7,0.82,5,11,1,325.53,6
Spinach,2027-09-22,342.86,6.8,61.6,1.18,7,7,0,96.39,8
Cabbage,2027-09-23,171.11,4.3,79.4,1.01,6,7,0,114.46,22
Spinach,2027-09-24,142.02,3.7,77.6,1.74,5,9,0,85.25,9
Carrot,2027-09-25,312.62,3.2,58.1,0.3,8,5,0,133.78,23
Onion,2027-09-26,288.19,9.2,47.9,1.15,3,12,1,105.9,14
Apple,2027-09-27,293.22,7.7,46.6,1.07,6,4,1,413.61,22
Cabbage,2027-09-28,158.99,9.5,49.6,0.63,5,7,0,178.88,29
Apple,2027-09-29,160.24,6.8,68.4,1.66,8,3,1,132.56,25
Mango,2027-09-30,156.31,5.8,50.9,1.53,4,10,0,163.01,14
Apple,2027-10-01,140.69,2.5,53.7,1.49,8,3,0,393.79,9
Apple,2027-10-02,300.7,7.4,58.0,1.76,2,4,0,255.69,21
Cabbage,2027-10-03,364.54,6.7,76.5,1.47,9,0,0,204.12,26
Banana,2027-10-04,323.47,9.9,47.6,0.54,9,0,0,372.97,17
Potato,2027-10-05,345.98,3.9,40.2,1.44,6,1,0,214.14,27
Spinach,2027-10-06,217.39,6.2,42.4,0.68,4,13,0,194.22,21
Spinach,2027-10-07,300.15,7.2,76.2,0.56,4,7,0,151.82,13
Carrot,2027-10-08,200.61,7.2,65.9,0.24,6,6,1,208.43,28
Cabbage,2027-10-09,257.47,6.5,50.9,1.51,5,9,0,188.14,16
Carrot,2027-10-10,242.9,8.2,47.1,1.45,6,8,0,307.86,18
Onion,2027-10-11,141.73,3.6,51.8,0.55,7,4,1,179.14,18
Onion,2027-10-12,211.51,7.8,44.6,1.52,7,1,1,274.63,12
Carrot,2027-10-13,402.99,7.0,77.7,1.84,9,6,1,104.88,27
Cabbage,2027-10-14,165.53,9.2,71.4,0.31,8,7,0,146.51,9
Carrot,2027-10-15,127.42,8.8,58.5,0.54,6,11,0,218.26,23
Spinach,2027-10-16,221.97,4.5,74.6,1.53,6,6,0,394.07,18
Grapes,2027-10-17,345.39,4.2,50.0,0.62,5,13,0,208.25,13
Tomato,2027-10-18,276.27,9.9,68.7,1.29,1,6,1,303.47,11
Apple,2027-10-19,309.08,6.2,74.2,0.25,9,11,0,167.69,12
Tomato,2027-10-20,145.98,9.3,54.3,0.96,9,13,0,125.18,18
Cabbage,2027-10-21,288.49,3.3,70.3,1.5,9,4,0,102.43,26
Tomato,2027-10-22,190.4,7.1,51.8,1.4,8,1,0,184.4,18
Onion,2027-10-23,359.99,8.5,52.0,1.65,3,5,1,135.34,15
Mango,2027-10-24,291.93,9.6,44.3,1.77,1,3,0,140.77,18
Apple,2027-10-25,149.02,4.7,57.6,1.57,8,9,0,335.57,25
Potato,2027-10-26,104.45,7.8,69.2,1.38,7,1,0,88.26,12
Cabbage,2027-10-27,97.15,6.3,77.6,0.16,5,11,0,268.19,7
Apple,2027-10-28,206.31,2.5,64.2,1.12,7,8,0,208.98,27
Tomato,2027-10-29,171.26,7.5,74.5,0.17,4,6,0,251.17,22
Onion,2027-10-30,297.5,7.5,72.9,1.64,9,5,0,269.86,7
Banana,2027-10-31,248.78,9.4,46.9,0.71,2,11,1,187.04,17
Grapes,2027-11-01,171.32,6.0,59.4,1.17,9,4,1,180.98,16
Potato,2027-11-02,132.55,3.8,44.7,0.63,9,2,1,326.49,19
Grapes,2027-11-03,125.23,2.4,67.3,1.59,5,11,1,372.26,22
Apple,2027-11-04,370.07,5.3,78.0,1.78,1,9,0,146.94,9
Onion,2027-11-05,163.83,4.4,45.5,0.86,7,9,0,115.41,11
Onion,2027-11-06,299.37,8.1,69.4,1.74,4,3,0,381.07,15
Tomato,2027-11-07,352.15,4.8,65.3,0.61,9,2,1,199.17,15
Spinach,2027-11-08,286.87,9.6,63.3,1.12,6,11,1,266.04,19
Tomato,2027-11-09,368.38,9.7,55.6,1.73,3,10,1,202.37,14
Spinach,2027-11-10,213.27,7.0,54.2,0.72,6,7,0,124.77,19
Spinach,2027-11-11,400.47,9.4,41.8,1.91,6,2,1,278.66,17
Potato,2027-11-12,127.2,8.1,48.7,0.33,5,6,0,257.35,18
Tomato,2027-11-13,116.91,6.4,40.6,0.13,2,6,0,150.39,21
Banana,2027-11-14,301.69,3.4,63.3,1.82,2,6,0,233.02,17
Carrot,2027-11-15,396.02,5.7,44.2,0.23,7,12,0,347.59,14
Carrot,2027-11-16,351.55,6.5,74.9,1.98,2,6,0,279.02,29
Tomato,2027-11-17,108.37,8.9,60.9,1.91,6,13,0,115.18,5
Tomato,2027-11-18,175.75,5.9,68.0,0.36,5,1,0,264.94,5
Grapes,2027-11-19,391.87,9.2,56.4,1.12,4,9,0,316.31,19
Potato,2027-11-20,167.02,7.4,62.4,0.45,7,2,1,346.18,20
Tomato,2027-11-21,342.35,3.1,77.7,0.91,8,9,0,291.87,16
Grapes,2027-11-22,356.94,10.0,43.3,0.22,4,8,0,133.68,28
Spinach,2027-11-23,247.49,6.2,50.2,0.53,1,2,1,318.78,10
Onion,2027-11-24,211.27,5.1,71.2,0.79,1,1,1,307.88,10
Onion,2027-11-25,232.44,7.3,43.9,0.93,1,8,0,91.11,16
Spinach,2027-11-26,158.35,2.9,43.0,1.96,1,12,0,219.7,29
Cabbage,2027-11-27,378.28,7.1,54.5,1.63,5,9,0,193.54,19
Grapes,2027-11-28,232.61,6.0,43.7,1.5,4,8,0,305.24,8
Grapes,2027-11-29,375.98,5.3,63.4,1.12,9,3,0,154.76,28
Spinach,2027-11-30,118.09,9.6,49.1,1.7,3,13,1,279.17,8
Banana,2027-12-01,411.11,6.2,75.8,0.74,7,11,0,386.18,6
Mango,2027-12-02,230.17,3.8,71.3,1.45,8,8,1,347.87,28
